[
    {
        "ip": "139.162.78.109",
        "port": 8080,
        "geolocation": {
            "status": "success",
            "country": "Japan",
            "countryCode": "JP",
            "region": "13",
            "regionName": "Tokyo",
            "city": "Tokyo",
            "zip": "151-0053",
            "lat": 35.6893,
            "lon": 139.6899,
            "timezone": "Asia/Tokyo",
            "isp": "Akamai Technologies, Inc.",
            "org": "Linode, LLC",
            "as": "AS63949 Akamai Connected Cloud",
            "query": "139.162.78.109"
        }
    },
    {
        "ip": "164.70.114.46",
        "port": 3172,
        "geolocation": {
            "status": "success",
            "country": "Japan",
            "countryCode": "JP",
            "region": "13",
            "regionName": "Tokyo",
            "city": "Chiyoda City",
            "zip": "100-8111",
            "lat": 35.6906,
            "lon": 139.77,
            "timezone": "Asia/Tokyo",
            "isp": "InfoSphere",
            "org": "NTTPC Communications, Inc",
            "as": "AS2514 NTT PC Communications, Inc.",
            "query": "164.70.114.46"
        }
    },
    {
        "ip": "52.188.28.218",
        "port": 3128,
        "geolocation": {
            "status": "success",
            "country": "United States",
            "countryCode": "US",
            "region": "VA",
            "regionName": "Virginia",
            "city": "Boydton",
            "zip": "23917",
            "lat": 36.677696,
            "lon": -78.37471,
            "timezone": "America/New_York",
            "isp": "Microsoft Corporation",
            "org": "Microsoft Azure Cloud (eastus)",
            "as": "AS8075 Microsoft Corporation",
            "query": "52.188.28.218"
        }
    },
    {
        "ip": "209.97.150.167",
        "port": 8080,
        "geolocation": {
            "status": "success",
            "country": "United States",
            "countryCode": "US",
            "region": "NJ",
            "regionName": "New Jersey",
            "city": "Clifton",
            "zip": "07014",
            "lat": 40.8364,
            "lon": -74.1403,
            "timezone": "America/New_York",
            "isp": "DigitalOcean, LLC",
            "org": "DigitalOcean, LLC",
            "as": "AS14061 DigitalOcean, LLC",
            "query": "209.97.150.167"
        }
    },
    {
        "ip": "198.54.124.88",
        "port": 8080,
        "geolocation": {
            "status": "success",
            "country": "United States",
            "countryCode": "US",
            "region": "AZ",
            "regionName": "Arizona",
            "city": "Phoenix",
            "zip": "85001",
            "lat": 33.4482,
            "lon": -112.078,
            "timezone": "America/Phoenix",
            "isp": "Namecheap, Inc.",
            "org": "Namecheap, Inc.",
            "as": "AS22612 Namecheap, Inc.",
            "query": "198.54.124.88"
        }
    },
    {
        "ip": "176.126.103.194",
        "port": 44214,
        "geolocation": {
            "status": "success",
            "country": "Russia",
            "countryCode": "RU",
            "region": "MOW",
            "regionName": "Moscow",
            "city": "Moscow",
            "zip": "144700",
            "lat": 55.7558,
            "lon": 37.6172,
            "timezone": "Europe/Moscow",
            "isp": "Miglovets Egor Andreevich",
            "org": "Dmitry Viktorovich Petrov",
            "as": "AS210546 Miglovets Egor Andreevich",
            "query": "176.126.103.194"
        }
    },
    {
        "ip": "138.68.60.8",
        "port": 80,
        "geolocation": {
            "status": "success",
            "country": "United States",
            "countryCode": "US",
            "region": "CA",
            "regionName": "California",
            "city": "Santa Clara",
            "zip": "95051",
            "lat": 37.3486,
            "lon": -121.9732,
            "timezone": "America/Los_Angeles",
            "isp": "DigitalOcean, LLC",
            "org": "DigitalOcean, LLC",
            "as": "AS14061 DigitalOcean, LLC",
            "query": "138.68.60.8"
        }
    },
    {
        "ip": "162.0.234.25",
        "port": 8080,
        "geolocation": {
            "status": "success",
            "country": "United States",
            "countryCode": "US",
            "region": "CA",
            "regionName": "California",
            "city": "Los Angeles",
            "zip": "90064",
            "lat": 34.0356,
            "lon": -118.442,
            "timezone": "America/Los_Angeles",
            "isp": "Namecheap, Inc.",
            "org": "Namecheap, Inc.",
            "as": "AS22612 Namecheap, Inc.",
            "query": "162.0.234.25"
        }
    },
    {
        "ip": "134.209.29.120",
        "port": 8080,
        "geolocation": {
            "status": "success",
            "country": "United Kingdom",
            "countryCode": "GB",
            "region": "ENG",
            "regionName": "England",
            "city": "Slough",
            "zip": "SL1",
            "lat": 51.5177,
            "lon": -0.6215,
            "timezone": "Europe/London",
            "isp": "DigitalOcean, LLC",
            "org": "DigitalOcean, LLC",
            "as": "AS14061 DigitalOcean, LLC",
            "query": "134.209.29.120"
        }
    },
    {
        "ip": "14.251.13.0",
        "port": 8080,
        "geolocation": {
            "status": "success",
            "country": "Vietnam",
            "countryCode": "VN",
            "region": "HN",
            "regionName": "Hanoi",
            "city": "Hanoi",
            "zip": "",
            "lat": 21.0278,
            "lon": 105.834,
            "timezone": "Asia/Bangkok",
            "isp": "VNPT",
            "org": "Vietnam Posts and Telecommunications Group",
            "as": "AS45899 VNPT Corp",
            "query": "14.251.13.0"
        }
    },
    {
        "ip": "128.199.202.122",
        "port": 8080,
        "geolocation": {
            "status": "success",
            "country": "Singapore",
            "countryCode": "SG",
            "region": "05",
            "regionName": "South West",
            "city": "Singapore",
            "zip": "627753",
            "lat": 1.32123,
            "lon": 103.695,
            "timezone": "Asia/Singapore",
            "isp": "DigitalOcean, LLC",
            "org": "DigitalOcean, LLC",
            "as": "AS14061 DigitalOcean, LLC",
            "query": "128.199.202.122"
        }
    },
    {
        "ip": "198.54.124.88",
        "port": 8080,
        "geolocation": {
            "status": "success",
            "country": "United States",
            "countryCode": "US",
            "region": "AZ",
            "regionName": "Arizona",
            "city": "Phoenix",
            "zip": "85001",
            "lat": 33.4482,
            "lon": -112.078,
            "timezone": "America/Phoenix",
            "isp": "Namecheap, Inc.",
            "org": "Namecheap, Inc.",
            "as": "AS22612 Namecheap, Inc.",
            "query": "198.54.124.88"
        }
    },
    {
        "ip": "51.20.192.194",
        "port": 15311,
        "geolocation": {
            "status": "success",
            "country": "Sweden",
            "countryCode": "SE",
            "region": "AB",
            "regionName": "Stockholm",
            "city": "Stockholm",
            "zip": "100 05",
            "lat": 59.3293,
            "lon": 18.0686,
            "timezone": "Europe/Stockholm",
            "isp": "Amazon.com, Inc.",
            "org": "AWS EC2 (eu-north-1)",
            "as": "AS16509 Amazon.com, Inc.",
            "query": "51.20.192.194"
        }
    },
    {
        "ip": "190.242.157.215",
        "port": 8080,
        "geolocation": {
            "status": "success",
            "country": "Colombia",
            "countryCode": "CO",
            "region": "VAC",
            "regionName": "Valle del Cauca Department",
            "city": "Santiago de Cali",
            "zip": "760023",
            "lat": 3.4385,
            "lon": -76.523,
            "timezone": "America/Bogota",
            "isp": "Columbus Networks USA, Inc.",
            "org": "Columbus Networks de Colombia Limitada",
            "as": "AS23520 Columbus Networks USA, Inc.",
            "query": "190.242.157.215"
        }
    },
    {
        "ip": "202.130.218.193",
        "port": 1080,
        "geolocation": {
            "status": "success",
            "country": "Australia",
            "countryCode": "AU",
            "region": "NSW",
            "regionName": "New South Wales",
            "city": "Sydney",
            "zip": "2213",
            "lat": -33.9536,
            "lon": 150.9935,
            "timezone": "Australia/Sydney",
            "isp": "SUPERLOOP (AUSTRALIA) PTY LTD",
            "org": "SUPERLOOP (AUSTRALIA) PTY LTD",
            "as": "AS38195 Superloop",
            "query": "202.130.218.193"
        }
    },
    {
        "ip": "177.93.36.178",
        "port": 999,
        "geolocation": {
            "status": "success",
            "country": "Colombia",
            "countryCode": "CO",
            "region": "PUT",
            "regionName": "Putumayo Department",
            "city": "Puerto As\u00eds",
            "zip": "862060",
            "lat": 0.50514,
            "lon": -76.4957,
            "timezone": "America/Bogota",
            "isp": "TV AZTECA SUCURSAL COLOMBIA",
            "org": "TV AZTECA SUCURSAL COLOMBIA",
            "as": "AS262186 TV AZTECA SUCURSAL COLOMBIA",
            "query": "177.93.36.178"
        }
    },
    {
        "ip": "41.89.56.116",
        "port": 3128,
        "geolocation": {
            "status": "success",
            "country": "Kenya",
            "countryCode": "KE",
            "region": "30",
            "regionName": "Nairobi County",
            "city": "Nairobi",
            "zip": "09831",
            "lat": -1.2841,
            "lon": 36.8155,
            "timezone": "Africa/Nairobi",
            "isp": "KENET",
            "org": "Technical University of Kenya",
            "as": "AS36914 Kenya Education Network",
            "query": "41.89.56.116"
        }
    },
    {
        "ip": "176.126.103.194",
        "port": 44214,
        "geolocation": {
            "status": "success",
            "country": "Russia",
            "countryCode": "RU",
            "region": "MOW",
            "regionName": "Moscow",
            "city": "Moscow",
            "zip": "144700",
            "lat": 55.7558,
            "lon": 37.6172,
            "timezone": "Europe/Moscow",
            "isp": "Miglovets Egor Andreevich",
            "org": "Dmitry Viktorovich Petrov",
            "as": "AS210546 Miglovets Egor Andreevich",
            "query": "176.126.103.194"
        }
    },
    {
        "ip": "115.231.181.40",
        "port": 8128,
        "geolocation": {
            "status": "success",
            "country": "China",
            "countryCode": "CN",
            "region": "ZJ",
            "regionName": "Zhejiang",
            "city": "Hangzhou",
            "zip": "310000",
            "lat": 30.0464,
            "lon": 119.954,
            "timezone": "Asia/Shanghai",
            "isp": "China Telecom",
            "org": "jin hua chuanyun LTD",
            "as": "AS136188 NINGBO, ZHEJIANG Province, P.R.China.",
            "query": "115.231.181.40"
        }
    },
    {
        "ip": "190.145.194.210",
        "port": 8080,
        "geolocation": {
            "status": "success",
            "country": "Colombia",
            "countryCode": "CO",
            "region": "VAC",
            "regionName": "Valle del Cauca Department",
            "city": "Santiago de Cali",
            "zip": "760001",
            "lat": 3.43054,
            "lon": -76.5199,
            "timezone": "America/Bogota",
            "isp": "Telmex Colombia S.A.",
            "org": "Telmex Colombia S.A.",
            "as": "AS14080 Telmex Colombia S.A.",
            "query": "190.145.194.210"
        }
    },
    {
        "ip": "14.251.13.0",
        "port": 8080,
        "geolocation": {
            "status": "success",
            "country": "Vietnam",
            "countryCode": "VN",
            "region": "HN",
            "regionName": "Hanoi",
            "city": "Hanoi",
            "zip": "",
            "lat": 21.0278,
            "lon": 105.834,
            "timezone": "Asia/Bangkok",
            "isp": "VNPT",
            "org": "Vietnam Posts and Telecommunications Group",
            "as": "AS45899 VNPT Corp",
            "query": "14.251.13.0"
        }
    },
    {
        "ip": "8.243.197.200",
        "port": 999,
        "geolocation": {
            "status": "success",
            "country": "Ecuador",
            "countryCode": "EC",
            "region": "M",
            "regionName": "Manab\u00ed",
            "city": "Puerto L\u00f3pez",
            "zip": "",
            "lat": -1.55873,
            "lon": -80.8093,
            "timezone": "America/Guayaquil",
            "isp": "CTL Ecuador",
            "org": "TVDATOSGROUP",
            "as": "AS3356 Level 3 Parent, LLC",
            "query": "8.243.197.200"
        }
    },
    {
        "ip": "183.88.213.178",
        "port": 8080,
        "geolocation": {
            "status": "success",
            "country": "Thailand",
            "countryCode": "TH",
            "region": "10",
            "regionName": "Bangkok",
            "city": "Bangkok",
            "zip": "10110",
            "lat": 13.7101,
            "lon": 100.4543,
            "timezone": "Asia/Bangkok",
            "isp": "Triple T Broadband Public Company Limited",
            "org": "Triple T Broadband Public Company Limited",
            "as": "AS45629 JasTel Network International Gateway",
            "query": "183.88.213.178"
        }
    },
    {
        "ip": "125.163.140.103",
        "port": 8080,
        "geolocation": {
            "status": "success",
            "country": "Indonesia",
            "countryCode": "ID",
            "region": "JI",
            "regionName": "East Java",
            "city": "Ngawi",
            "zip": "",
            "lat": -7.4038,
            "lon": 111.446,
            "timezone": "Asia/Jakarta",
            "isp": "PT. Telekomunikasi Indonesia",
            "org": "",
            "as": "AS7713 PT Telekomunikasi Indonesia",
            "query": "125.163.140.103"
        }
    },
    {
        "ip": "8.219.97.248",
        "port": 80,
        "geolocation": {
            "status": "success",
            "country": "Singapore",
            "countryCode": "SG",
            "region": "03",
            "regionName": "North West",
            "city": "Singapore",
            "zip": "858877",
            "lat": 1.35208,
            "lon": 103.82,
            "timezone": "Asia/Singapore",
            "isp": "Alibaba Cloud (Singapore) Private Limited",
            "org": "Alibaba.com Singapore E-Commerce Private Limited",
            "as": "AS45102 Alibaba (US) Technology Co., Ltd.",
            "query": "8.219.97.248"
        }
    },
    {
        "ip": "190.7.138.78",
        "port": 8080,
        "geolocation": {
            "status": "success",
            "country": "Colombia",
            "countryCode": "CO",
            "region": "ANT",
            "regionName": "Antioquia",
            "city": "Medell\u00edn",
            "zip": "050016",
            "lat": 6.2529,
            "lon": -75.5646,
            "timezone": "America/Bogota",
            "isp": "EPM Telecomunicaciones S.A. E.S.P.",
            "org": "EPM Telecomunicaciones S.A. E.S.P",
            "as": "AS13489 UNE EPM TELECOMUNICACIONES S.A.",
            "query": "190.7.138.78"
        }
    },
    {
        "ip": "190.242.157.215",
        "port": 8080,
        "geolocation": {
            "status": "success",
            "country": "Colombia",
            "countryCode": "CO",
            "region": "VAC",
            "regionName": "Valle del Cauca Department",
            "city": "Santiago de Cali",
            "zip": "760023",
            "lat": 3.4385,
            "lon": -76.523,
            "timezone": "America/Bogota",
            "isp": "Columbus Networks USA, Inc.",
            "org": "Columbus Networks de Colombia Limitada",
            "as": "AS23520 Columbus Networks USA, Inc.",
            "query": "190.242.157.215"
        }
    },
    {
        "ip": "36.110.143.55",
        "port": 8080,
        "geolocation": {
            "status": "success",
            "country": "China",
            "countryCode": "CN",
            "region": "BJ",
            "regionName": "Beijing",
            "city": "Beijing",
            "zip": "100000",
            "lat": 39.9042,
            "lon": 116.407,
            "timezone": "Asia/Shanghai",
            "isp": "IDC, China Telecommunications Corporation",
            "org": "Chinanet BJ",
            "as": "AS23724 IDC, China Telecommunications Corporation",
            "query": "36.110.143.55"
        }
    },
    {
        "ip": "45.189.116.128",
        "port": 999,
        "geolocation": {
            "status": "success",
            "country": "Peru",
            "countryCode": "PE",
            "region": "LMA",
            "regionName": "Lima Province",
            "city": "Lima",
            "zip": "",
            "lat": -12.046,
            "lon": -77.0305,
            "timezone": "America/Lima",
            "isp": "Conex TV E.I.R.L",
            "org": "Fiber Digital S.R.L",
            "as": "AS273133 CONEX TV E.I.R.L.",
            "query": "45.189.116.128"
        }
    },
    {
        "ip": "164.70.115.103",
        "port": 3172,
        "geolocation": {
            "status": "success",
            "country": "Japan",
            "countryCode": "JP",
            "region": "13",
            "regionName": "Tokyo",
            "city": "Chiyoda City",
            "zip": "100-8111",
            "lat": 35.6906,
            "lon": 139.77,
            "timezone": "Asia/Tokyo",
            "isp": "InfoSphere",
            "org": "NTTPC Communications, Inc",
            "as": "AS2514 NTT PC Communications, Inc.",
            "query": "164.70.115.103"
        }
    },
    {
        "ip": "164.70.114.46",
        "port": 3172,
        "geolocation": {
            "status": "success",
            "country": "Japan",
            "countryCode": "JP",
            "region": "13",
            "regionName": "Tokyo",
            "city": "Chiyoda City",
            "zip": "100-8111",
            "lat": 35.6906,
            "lon": 139.77,
            "timezone": "Asia/Tokyo",
            "isp": "InfoSphere",
            "org": "NTTPC Communications, Inc",
            "as": "AS2514 NTT PC Communications, Inc.",
            "query": "164.70.114.46"
        }
    },
    {
        "ip": "116.80.78.200",
        "port": 3172,
        "geolocation": {
            "status": "success",
            "country": "Japan",
            "countryCode": "JP",
            "region": "14",
            "regionName": "Kanagawa",
            "city": "Yokohama",
            "zip": "231-0841",
            "lat": 35.4337,
            "lon": 139.6499,
            "timezone": "Asia/Tokyo",
            "isp": "InfoSphere",
            "org": "NTTPC Communications, Inc",
            "as": "AS2514 NTT PC Communications, Inc.",
            "query": "116.80.78.200"
        }
    },
    {
        "ip": "116.80.77.71",
        "port": 3172,
        "geolocation": {
            "status": "success",
            "country": "Japan",
            "countryCode": "JP",
            "region": "14",
            "regionName": "Kanagawa",
            "city": "Yokohama",
            "zip": "231-0841",
            "lat": 35.4337,
            "lon": 139.6499,
            "timezone": "Asia/Tokyo",
            "isp": "InfoSphere",
            "org": "NTTPC Communications, Inc",
            "as": "AS2514 NTT PC Communications, Inc.",
            "query": "116.80.77.71"
        }
    },
    {
        "ip": "116.80.91.222",
        "port": 3172,
        "geolocation": {
            "status": "success",
            "country": "Japan",
            "countryCode": "JP",
            "region": "14",
            "regionName": "Kanagawa",
            "city": "Yokohama",
            "zip": "231-0841",
            "lat": 35.4337,
            "lon": 139.6499,
            "timezone": "Asia/Tokyo",
            "isp": "InfoSphere",
            "org": "NTTPC Communications, Inc",
            "as": "AS2514 NTT PC Communications, Inc.",
            "query": "116.80.91.222"
        }
    },
    {
        "ip": "23.237.210.82",
        "port": 80,
        "geolocation": {
            "status": "success",
            "country": "United States",
            "countryCode": "US",
            "region": "TX",
            "regionName": "Texas",
            "city": "Farmers Branch",
            "zip": "75234",
            "lat": 32.9045,
            "lon": -96.8981,
            "timezone": "America/Chicago",
            "isp": "FDCservers.net",
            "org": "FDCservers.net",
            "as": "AS30058 FDCservers.net",
            "query": "23.237.210.82"
        }
    },
    {
        "ip": "14.251.13.0",
        "port": 8080,
        "geolocation": {
            "status": "success",
            "country": "Vietnam",
            "countryCode": "VN",
            "region": "HN",
            "regionName": "Hanoi",
            "city": "Hanoi",
            "zip": "",
            "lat": 21.0278,
            "lon": 105.834,
            "timezone": "Asia/Bangkok",
            "isp": "VNPT",
            "org": "Vietnam Posts and Telecommunications Group",
            "as": "AS45899 VNPT Corp",
            "query": "14.251.13.0"
        }
    },
    {
        "ip": "52.188.28.218",
        "port": 3128,
        "geolocation": {
            "status": "success",
            "country": "United States",
            "countryCode": "US",
            "region": "VA",
            "regionName": "Virginia",
            "city": "Boydton",
            "zip": "23917",
            "lat": 36.677696,
            "lon": -78.37471,
            "timezone": "America/New_York",
            "isp": "Microsoft Corporation",
            "org": "Microsoft Azure Cloud (eastus)",
            "as": "AS8075 Microsoft Corporation",
            "query": "52.188.28.218"
        }
    },
    {
        "ip": "31.25.92.114",
        "port": 8080,
        "geolocation": {
            "status": "success",
            "country": "Iran",
            "countryCode": "IR",
            "region": "09",
            "regionName": "Razavi Khorasan",
            "city": "\u0162orqabeh",
            "zip": "",
            "lat": 36.3104,
            "lon": 59.3735,
            "timezone": "Asia/Tehran",
            "isp": "Cooperative Afra ertebatat-e-sabet-e Rasa Co",
            "org": "ParsisErtebatat",
            "as": "AS202391 Cooperative Afra ertebatat-e-sabet-e Rasa Co",
            "query": "31.25.92.114"
        }
    },
    {
        "ip": "45.174.94.26",
        "port": 999,
        "geolocation": {
            "status": "success",
            "country": "Mexico",
            "countryCode": "MX",
            "region": "OAX",
            "regionName": "Oaxaca",
            "city": "San Juan Bautista Tuxtla",
            "zip": "68345",
            "lat": 18.0959,
            "lon": -96.1265,
            "timezone": "America/Mexico_City",
            "isp": "Enlace de Datos y Redes SA de CV",
            "org": "",
            "as": "AS28429 Enlace de Datos y Redes SA de CV",
            "query": "45.174.94.26"
        }
    },
    {
        "ip": "41.223.119.156",
        "port": 3128,
        "geolocation": {
            "status": "success",
            "country": "Zambia",
            "countryCode": "ZM",
            "region": "09",
            "regionName": "Lusaka Province",
            "city": "Lusaka",
            "zip": "",
            "lat": -15.4183,
            "lon": 28.287,
            "timezone": "Africa/Lusaka",
            "isp": "MTN Zambia",
            "org": "",
            "as": "AS36962 MTN Zambia",
            "query": "41.223.119.156"
        }
    },
    {
        "ip": "180.149.221.252",
        "port": 8080,
        "geolocation": {
            "status": "success",
            "country": "Pakistan",
            "countryCode": "PK",
            "region": "SD",
            "regionName": "Sindh",
            "city": "Karachi",
            "zip": "75950",
            "lat": 24.8591,
            "lon": 66.9983,
            "timezone": "Asia/Karachi",
            "isp": "Delta Networks",
            "org": "",
            "as": "AS136030 Redtone Telecommunications Pakistan (Private) Limited",
            "query": "180.149.221.252"
        }
    },
    {
        "ip": "71.168.71.12",
        "port": 8890,
        "geolocation": {
            "status": "success",
            "country": "United States",
            "countryCode": "US",
            "region": "NH",
            "regionName": "New Hampshire",
            "city": "Salem",
            "zip": "03079",
            "lat": 42.7798,
            "lon": -71.2019,
            "timezone": "America/New_York",
            "isp": "FAIRPOINT COMMUNICATIONS, INC.",
            "org": "Consolidated Communications, Inc.",
            "as": "AS13672 Consolidated Communications, Inc.",
            "query": "71.168.71.12"
        }
    },
    {
        "ip": "190.60.37.245",
        "port": 999,
        "geolocation": {
            "status": "success",
            "country": "Colombia",
            "countryCode": "CO",
            "region": "ANT",
            "regionName": "Antioquia",
            "city": "Medell\u00edn",
            "zip": "050013",
            "lat": 6.2529,
            "lon": -75.5646,
            "timezone": "America/Bogota",
            "isp": "IFX NETWORKS COLOMBIA",
            "org": "UFINET COLOMBIA, S. A",
            "as": "AS52468 UFINET PANAMA S.A.",
            "query": "190.60.37.245"
        }
    },
    {
        "ip": "41.89.56.116",
        "port": 3128,
        "geolocation": {
            "status": "success",
            "country": "Kenya",
            "countryCode": "KE",
            "region": "30",
            "regionName": "Nairobi County",
            "city": "Nairobi",
            "zip": "09831",
            "lat": -1.2841,
            "lon": 36.8155,
            "timezone": "Africa/Nairobi",
            "isp": "KENET",
            "org": "Technical University of Kenya",
            "as": "AS36914 Kenya Education Network",
            "query": "41.89.56.116"
        }
    },
    {
        "ip": "190.242.157.215",
        "port": 8080,
        "geolocation": {
            "status": "success",
            "country": "Colombia",
            "countryCode": "CO",
            "region": "VAC",
            "regionName": "Valle del Cauca Department",
            "city": "Santiago de Cali",
            "zip": "760023",
            "lat": 3.4385,
            "lon": -76.523,
            "timezone": "America/Bogota",
            "isp": "Columbus Networks USA, Inc.",
            "org": "Columbus Networks de Colombia Limitada",
            "as": "AS23520 Columbus Networks USA, Inc.",
            "query": "190.242.157.215"
        }
    },
    {
        "ip": "139.162.78.109",
        "port": 8080,
        "geolocation": {
            "status": "success",
            "country": "Japan",
            "countryCode": "JP",
            "region": "13",
            "regionName": "Tokyo",
            "city": "Tokyo",
            "zip": "151-0053",
            "lat": 35.6893,
            "lon": 139.6899,
            "timezone": "Asia/Tokyo",
            "isp": "Akamai Technologies, Inc.",
            "org": "Linode, LLC",
            "as": "AS63949 Akamai Connected Cloud",
            "query": "139.162.78.109"
        }
    },
    {
        "ip": "15.168.235.57",
        "port": 407,
        "geolocation": {
            "status": "success",
            "country": "Japan",
            "countryCode": "JP",
            "region": "27",
            "regionName": "\u014csaka",
            "city": "Osaka",
            "zip": "540-0002",
            "lat": 34.6937,
            "lon": 135.502,
            "timezone": "Asia/Tokyo",
            "isp": "Amazon Technologies Inc.",
            "org": "AWS EC2 (ap-northeast-3)",
            "as": "AS16509 Amazon.com, Inc.",
            "query": "15.168.235.57"
        }
    },
    {
        "ip": "58.69.143.223",
        "port": 41890,
        "geolocation": {
            "status": "success",
            "country": "Philippines",
            "countryCode": "PH",
            "region": "00",
            "regionName": "Metro Manila",
            "city": "Makati City",
            "zip": "1298",
            "lat": 14.5562,
            "lon": 121.0298,
            "timezone": "Asia/Manila",
            "isp": "Philippine Long Distance Telephone Co.",
            "org": "Philippine Long Distance Telephone Company",
            "as": "AS9299 Philippine Long Distance Telephone Company",
            "query": "58.69.143.223"
        }
    },
    {
        "ip": "45.4.202.170",
        "port": 999,
        "geolocation": {
            "status": "success",
            "country": "Ecuador",
            "countryCode": "EC",
            "region": "G",
            "regionName": "Guayas",
            "city": "Guayaquil",
            "zip": "",
            "lat": -2.2038,
            "lon": -79.8819,
            "timezone": "America/Guayaquil",
            "isp": "Eliana Vanessa Morocho O\u00f1a",
            "org": "Eliana Vanessa Morocho O\u00f1a",
            "as": "AS263238 Eliana Vanessa Morocho O\u00f1a",
            "query": "45.4.202.170"
        }
    },
    {
        "ip": "161.35.70.249",
        "port": 80,
        "geolocation": {
            "status": "success",
            "country": "Germany",
            "countryCode": "DE",
            "region": "HE",
            "regionName": "Hesse",
            "city": "Frankfurt am Main",
            "zip": "60313",
            "lat": 50.1169,
            "lon": 8.6837,
            "timezone": "Europe/Berlin",
            "isp": "DigitalOcean, LLC",
            "org": "DigitalOcean, LLC",
            "as": "AS14061 DigitalOcean, LLC",
            "query": "161.35.70.249"
        }
    },
    {
        "ip": "134.209.29.120",
        "port": 8080,
        "geolocation": {
            "status": "success",
            "country": "United Kingdom",
            "countryCode": "GB",
            "region": "ENG",
            "regionName": "England",
            "city": "Slough",
            "zip": "SL1",
            "lat": 51.5177,
            "lon": -0.6215,
            "timezone": "Europe/London",
            "isp": "DigitalOcean, LLC",
            "org": "DigitalOcean, LLC",
            "as": "AS14061 DigitalOcean, LLC",
            "query": "134.209.29.120"
        }
    },
    {
        "ip": "159.203.61.169",
        "port": 3128,
        "geolocation": {
            "status": "success",
            "country": "Canada",
            "countryCode": "CA",
            "region": "ON",
            "regionName": "Ontario",
            "city": "Toronto",
            "zip": "M5A",
            "lat": 43.709,
            "lon": -79.4057,
            "timezone": "America/Toronto",
            "isp": "DigitalOcean, LLC",
            "org": "Digital Ocean",
            "as": "AS14061 DigitalOcean, LLC",
            "query": "159.203.61.169"
        }
    },
    {
        "ip": "40.172.232.213",
        "port": 8989,
        "geolocation": {
            "status": "success",
            "country": "United Arab Emirates",
            "countryCode": "AE",
            "region": "DU",
            "regionName": "Dubai",
            "city": "Dubai",
            "zip": "",
            "lat": 25.0734,
            "lon": 55.2979,
            "timezone": "Asia/Dubai",
            "isp": "Amazon.com",
            "org": "Amazon Data Services UAE",
            "as": "AS16509 Amazon.com, Inc.",
            "query": "40.172.232.213"
        }
    },
    {
        "ip": "185.191.236.162",
        "port": 3128,
        "geolocation": {
            "status": "success",
            "country": "Switzerland",
            "countryCode": "CH",
            "region": "ZH",
            "regionName": "Zurich",
            "city": "Zurich",
            "zip": "8000",
            "lat": 47.3769,
            "lon": 8.54169,
            "timezone": "Europe/Zurich",
            "isp": "Grupo Panaglobal 15 S.A",
            "org": "SwissLayer LLC",
            "as": "AS264617 GRUPO PANAGLOBAL 15 S.A",
            "query": "185.191.236.162"
        }
    },
    {
        "ip": "209.97.150.167",
        "port": 8080,
        "geolocation": {
            "status": "success",
            "country": "United States",
            "countryCode": "US",
            "region": "NJ",
            "regionName": "New Jersey",
            "city": "Clifton",
            "zip": "07014",
            "lat": 40.8364,
            "lon": -74.1403,
            "timezone": "America/New_York",
            "isp": "DigitalOcean, LLC",
            "org": "DigitalOcean, LLC",
            "as": "AS14061 DigitalOcean, LLC",
            "query": "209.97.150.167"
        }
    },
    {
        "ip": "15.160.181.77",
        "port": 8331,
        "geolocation": {
            "status": "success",
            "country": "Italy",
            "countryCode": "IT",
            "region": "25",
            "regionName": "Lombardy",
            "city": "Milan",
            "zip": "20121",
            "lat": 45.4681,
            "lon": 9.2011,
            "timezone": "Europe/Rome",
            "isp": "Amazon Technologies Inc",
            "org": "AWS EC2 (eu-south-1)",
            "as": "AS16509 Amazon.com, Inc.",
            "query": "15.160.181.77"
        }
    },
    {
        "ip": "152.231.27.54",
        "port": 999,
        "geolocation": {
            "status": "success",
            "country": "Colombia",
            "countryCode": "CO",
            "region": "CAS",
            "regionName": "Casanare Department",
            "city": "Aguazul",
            "zip": "856010",
            "lat": 5.17282,
            "lon": -72.5471,
            "timezone": "America/Bogota",
            "isp": "Colombiatel Telecomunicaciones",
            "org": "Colombiatel Telecomunicaciones",
            "as": "AS266877 COLOMBIATEL TELECOMUNICACIONES",
            "query": "152.231.27.54"
        }
    },
    {
        "ip": "187.111.144.102",
        "port": 8080,
        "geolocation": {
            "status": "success",
            "country": "Brazil",
            "countryCode": "BR",
            "region": "RS",
            "regionName": "Rio Grande do Sul",
            "city": "S\u00e3o Sebasti\u00e3o do Ca\u00ed",
            "zip": "95760",
            "lat": -29.5909,
            "lon": -51.3508,
            "timezone": "America/Sao_Paulo",
            "isp": "Caezar Provedor de Internet EIRELI",
            "org": "Caezar Provedor de Internet EIRELI",
            "as": "AS262715 Caezar Provedor de Internet EIRELI",
            "query": "187.111.144.102"
        }
    },
    {
        "ip": "103.203.232.69",
        "port": 1080,
        "geolocation": {
            "status": "success",
            "country": "Indonesia",
            "countryCode": "ID",
            "region": "JI",
            "regionName": "East Java",
            "city": "Malang",
            "zip": "",
            "lat": -7.9797,
            "lon": 112.63,
            "timezone": "Asia/Jakarta",
            "isp": "PT Inti Data Guna",
            "org": "PT Inti Data Guna",
            "as": "AS151600 PT Inti Data Guna",
            "query": "103.203.232.69"
        }
    },
    {
        "ip": "202.166.217.188",
        "port": 2121,
        "geolocation": {
            "status": "success",
            "country": "Nepal",
            "countryCode": "NP",
            "region": "P3",
            "regionName": "Bagmati Province",
            "city": "Kathmandu",
            "zip": "",
            "lat": 27.7108,
            "lon": 85.3251,
            "timezone": "Asia/Kathmandu",
            "isp": "WorldLink Communications",
            "org": "",
            "as": "AS17501 WorldLink Communications Pvt Ltd",
            "query": "202.166.217.188"
        }
    },
    {
        "ip": "103.133.26.11",
        "port": 8080,
        "geolocation": {
            "status": "success",
            "country": "Indonesia",
            "countryCode": "ID",
            "region": "JB",
            "regionName": "West Java",
            "city": "Sukabumi",
            "zip": "43131",
            "lat": -6.9214,
            "lon": 106.9259,
            "timezone": "Asia/Jakarta",
            "isp": "PT PHATRIA INTI PERSADA",
            "org": "",
            "as": "AS138130 PT PHATRIA INTI PERSADA",
            "query": "103.133.26.11"
        }
    },
    {
        "ip": "198.199.86.11",
        "port": 3128,
        "geolocation": {
            "status": "success",
            "country": "United States",
            "countryCode": "US",
            "region": "NJ",
            "regionName": "New Jersey",
            "city": "North Bergen",
            "zip": "07047",
            "lat": 40.7964,
            "lon": -74.0203,
            "timezone": "America/New_York",
            "isp": "DigitalOcean, LLC",
            "org": "DigitalOcean, LLC",
            "as": "AS14061 DigitalOcean, LLC",
            "query": "198.199.86.11"
        }
    },
    {
        "ip": "164.70.115.103",
        "port": 3172,
        "geolocation": {
            "status": "success",
            "country": "Japan",
            "countryCode": "JP",
            "region": "13",
            "regionName": "Tokyo",
            "city": "Chiyoda City",
            "zip": "100-8111",
            "lat": 35.6906,
            "lon": 139.77,
            "timezone": "Asia/Tokyo",
            "isp": "InfoSphere",
            "org": "NTTPC Communications, Inc",
            "as": "AS2514 NTT PC Communications, Inc.",
            "query": "164.70.115.103"
        }
    },
    {
        "ip": "177.93.36.178",
        "port": 999,
        "geolocation": {
            "status": "success",
            "country": "Colombia",
            "countryCode": "CO",
            "region": "PUT",
            "regionName": "Putumayo Department",
            "city": "Puerto As\u00eds",
            "zip": "862060",
            "lat": 0.50514,
            "lon": -76.4957,
            "timezone": "America/Bogota",
            "isp": "TV AZTECA SUCURSAL COLOMBIA",
            "org": "TV AZTECA SUCURSAL COLOMBIA",
            "as": "AS262186 TV AZTECA SUCURSAL COLOMBIA",
            "query": "177.93.36.178"
        }
    },
    {
        "ip": "128.199.202.122",
        "port": 8080,
        "geolocation": {
            "status": "success",
            "country": "Singapore",
            "countryCode": "SG",
            "region": "05",
            "regionName": "South West",
            "city": "Singapore",
            "zip": "627753",
            "lat": 1.32123,
            "lon": 103.695,
            "timezone": "Asia/Singapore",
            "isp": "DigitalOcean, LLC",
            "org": "DigitalOcean, LLC",
            "as": "AS14061 DigitalOcean, LLC",
            "query": "128.199.202.122"
        }
    },
    {
        "ip": "190.94.212.216",
        "port": 999,
        "geolocation": {
            "status": "success",
            "country": "Venezuela",
            "countryCode": "VE",
            "region": "A",
            "regionName": "Distrito Federal",
            "city": "Caracas",
            "zip": "",
            "lat": 10.4873,
            "lon": -66.8738,
            "timezone": "America/Caracas",
            "isp": "IFX Networks Venezuela C.A.",
            "org": "IFX Networks Venezuela C.A",
            "as": "AS8053 IFX Networks Venezuela C.A.",
            "query": "190.94.212.216"
        }
    },
    {
        "ip": "200.85.167.254",
        "port": 8080,
        "geolocation": {
            "status": "success",
            "country": "Nicaragua",
            "countryCode": "NI",
            "region": "MN",
            "regionName": "Managua Department",
            "city": "Managua",
            "zip": "",
            "lat": 12.1346,
            "lon": -86.2469,
            "timezone": "America/Managua",
            "isp": "IBW Communications",
            "org": "IBW Communications",
            "as": "AS25607 IBW Communications",
            "query": "200.85.167.254"
        }
    },
    {
        "ip": "121.230.8.249",
        "port": 1080,
        "geolocation": {
            "status": "success",
            "country": "China",
            "countryCode": "CN",
            "region": "JS",
            "regionName": "Jiangsu",
            "city": "Nanjing",
            "zip": "210000",
            "lat": 32.0607,
            "lon": 118.763,
            "timezone": "Asia/Shanghai",
            "isp": "Chinanet",
            "org": "Chinanet JS",
            "as": "AS4134 CHINANET-BACKBONE",
            "query": "121.230.8.249"
        }
    },
    {
        "ip": "185.138.120.109",
        "port": 8080,
        "geolocation": {
            "status": "success",
            "country": "Iraq",
            "countryCode": "IQ",
            "region": "BG",
            "regionName": "Baghdad",
            "city": "Baghdad",
            "zip": "",
            "lat": 33.3175,
            "lon": 44.3462,
            "timezone": "Asia/Baghdad",
            "isp": "Horizon Scope Mobile Telecom WLL",
            "org": "Horizon Scope Mobile Telecom WLL",
            "as": "AS203217 Horizon Scope Mobile Telecom WLL",
            "query": "185.138.120.109"
        }
    },
    {
        "ip": "51.20.192.194",
        "port": 15311,
        "geolocation": {
            "status": "success",
            "country": "Sweden",
            "countryCode": "SE",
            "region": "AB",
            "regionName": "Stockholm",
            "city": "Stockholm",
            "zip": "100 05",
            "lat": 59.3293,
            "lon": 18.0686,
            "timezone": "Europe/Stockholm",
            "isp": "Amazon.com, Inc.",
            "org": "AWS EC2 (eu-north-1)",
            "as": "AS16509 Amazon.com, Inc.",
            "query": "51.20.192.194"
        }
    },
    {
        "ip": "78.12.193.250",
        "port": 16010,
        "geolocation": {
            "status": "success",
            "country": "Mexico",
            "countryCode": "MX",
            "region": "QUE",
            "regionName": "Quer\u00e9taro",
            "city": "Quer\u00e9taro City",
            "zip": "76120",
            "lat": 20.5879,
            "lon": -100.3879,
            "timezone": "America/Mexico_City",
            "isp": "Amazon.com",
            "org": "Amazon Data Services Mexico",
            "as": "AS16509 Amazon.com, Inc.",
            "query": "78.12.193.250"
        }
    },
    {
        "ip": "14.251.13.0",
        "port": 8080,
        "geolocation": {
            "status": "success",
            "country": "Vietnam",
            "countryCode": "VN",
            "region": "HN",
            "regionName": "Hanoi",
            "city": "Hanoi",
            "zip": "",
            "lat": 21.0278,
            "lon": 105.834,
            "timezone": "Asia/Bangkok",
            "isp": "VNPT",
            "org": "Vietnam Posts and Telecommunications Group",
            "as": "AS45899 VNPT Corp",
            "query": "14.251.13.0"
        }
    },
    {
        "ip": "45.189.116.128",
        "port": 999,
        "geolocation": {
            "status": "success",
            "country": "Peru",
            "countryCode": "PE",
            "region": "LMA",
            "regionName": "Lima Province",
            "city": "Lima",
            "zip": "",
            "lat": -12.046,
            "lon": -77.0305,
            "timezone": "America/Lima",
            "isp": "Conex TV E.I.R.L",
            "org": "Fiber Digital S.R.L",
            "as": "AS273133 CONEX TV E.I.R.L.",
            "query": "45.189.116.128"
        }
    },
    {
        "ip": "43.208.25.125",
        "port": 8004,
        "geolocation": {
            "status": "success",
            "country": "Thailand",
            "countryCode": "TH",
            "region": "10",
            "regionName": "Bangkok",
            "city": "Bangkok",
            "zip": "10200",
            "lat": 13.7499,
            "lon": 100.517,
            "timezone": "Asia/Bangkok",
            "isp": "Amazon.com, Inc.",
            "org": "Amazon Technologies Inc",
            "as": "AS16509 Amazon.com, Inc.",
            "query": "43.208.25.125"
        }
    },
    {
        "ip": "103.172.42.125",
        "port": 1111,
        "geolocation": {
            "status": "success",
            "country": "Indonesia",
            "countryCode": "ID",
            "region": "JB",
            "regionName": "West Java",
            "city": "Karawang",
            "zip": "",
            "lat": -6.30525,
            "lon": 107.32,
            "timezone": "Asia/Jakarta",
            "isp": "PT Media Solusi Sukses",
            "org": "PT Media Solusi Sukses",
            "as": "AS142393 PT Media Solusi Sukses",
            "query": "103.172.42.125"
        }
    },
    {
        "ip": "41.89.56.116",
        "port": 3128,
        "geolocation": {
            "status": "success",
            "country": "Kenya",
            "countryCode": "KE",
            "region": "30",
            "regionName": "Nairobi County",
            "city": "Nairobi",
            "zip": "09831",
            "lat": -1.2841,
            "lon": 36.8155,
            "timezone": "Africa/Nairobi",
            "isp": "KENET",
            "org": "Technical University of Kenya",
            "as": "AS36914 Kenya Education Network",
            "query": "41.89.56.116"
        }
    },
    {
        "ip": "190.145.194.210",
        "port": 8080,
        "geolocation": {
            "status": "success",
            "country": "Colombia",
            "countryCode": "CO",
            "region": "VAC",
            "regionName": "Valle del Cauca Department",
            "city": "Santiago de Cali",
            "zip": "760001",
            "lat": 3.43054,
            "lon": -76.5199,
            "timezone": "America/Bogota",
            "isp": "Telmex Colombia S.A.",
            "org": "Telmex Colombia S.A.",
            "as": "AS14080 Telmex Colombia S.A.",
            "query": "190.145.194.210"
        }
    }
]